-- ============================================================
-- UTTER APP - Migration 023: Seed Real Menu Data
-- ============================================================
-- Source: Spreadsheet HPP Minuman, Perhitungan Laba, Bahan
-- Contains:
--   - Suppliers (from Bahan sheet)
--   - Ingredients with cost_per_unit (Minuman + Makanan)
--   - Categories (Coffee, Non-Coffee, Makanan, Snack)
--   - Products with selling_price & cost_price (Minuman only)
--   - Recipes / product-ingredient links (Minuman only)
--   - Modifier groups (Suhu, Gula, Kuah)
--   - Product-modifier group links
--
-- NOTE: Makanan products & recipes intentionally left empty.
--       Owner will add menu makanan manually via Back Office.
-- ============================================================

BEGIN;

-- ============================================================
-- STEP 1: SUPPLIERS
-- ============================================================
INSERT INTO suppliers (id, outlet_id, name, contact_person, phone, notes) VALUES
  ('b1000000-0000-0000-0000-000000000001', 'a0000000-0000-0000-0000-000000000001', 'Superindo', NULL, NULL, 'Belakang Utter'),
  ('b1000000-0000-0000-0000-000000000002', 'a0000000-0000-0000-0000-000000000001', 'Shopee', NULL, NULL, 'Online marketplace'),
  ('b1000000-0000-0000-0000-000000000003', 'a0000000-0000-0000-0000-000000000001', 'Diva', NULL, '62895334063500', 'wa.me/62895334063500'),
  ('b1000000-0000-0000-0000-000000000004', 'a0000000-0000-0000-0000-000000000001', 'Toko Ice', NULL, NULL, 'Beli langsung'),
  ('b1000000-0000-0000-0000-000000000005', 'a0000000-0000-0000-0000-000000000001', 'Glory (Mie Ramen)', NULL, '62818532464', 'wa.me/62818532464'),
  ('b1000000-0000-0000-0000-000000000006', 'a0000000-0000-0000-0000-000000000001', 'NS Chicken', NULL, '6281232663370', 'wa.me/6281232663370'),
  ('b1000000-0000-0000-0000-000000000007', 'a0000000-0000-0000-0000-000000000001', 'Toko Orange', NULL, NULL, 'Dekat Utter'),
  ('b1000000-0000-0000-0000-000000000008', 'a0000000-0000-0000-0000-000000000001', 'Pasar', NULL, NULL, 'Pasar tradisional'),
  ('b1000000-0000-0000-0000-000000000009', 'a0000000-0000-0000-0000-000000000001', 'Indomaret', NULL, NULL, 'Toko langsung');

-- ============================================================
-- STEP 2: INGREDIENTS (Bahan Baku)
-- ============================================================
-- cost_per_unit = harga per satuan terkecil (per gram / per ml / per pcs)
-- Calculated from: Harga Per Satuan / Berat

-- === BAHAN MINUMAN ===
INSERT INTO ingredients (id, outlet_id, supplier_id, name, unit, cost_per_unit, current_stock, min_stock) VALUES
  -- Kopi: Rp58,000 / 380gr = Rp152.63/gr
  ('c1000000-0000-0000-0000-000000000001', 'a0000000-0000-0000-0000-000000000001', 'b1000000-0000-0000-0000-000000000001', 'Kopi Hitam (Kapal Api)', 'gram', 152.63, 760, 200),
  -- Susu UHT: Rp17,500 / 946ml = Rp18.50/ml
  ('c1000000-0000-0000-0000-000000000002', 'a0000000-0000-0000-0000-000000000001', 'b1000000-0000-0000-0000-000000000001', 'Susu UHT (Frisian Flag)', 'ml', 18.50, 7568, 2000),
  -- Susu Coconut: Rp17,500 / 946ml = Rp18.50/ml
  ('c1000000-0000-0000-0000-000000000003', 'a0000000-0000-0000-0000-000000000001', 'b1000000-0000-0000-0000-000000000001', 'Susu Coconut (Frisian Flag)', 'ml', 18.50, 4730, 1000),
  -- Creamer: Rp31,000 / 1000gr = Rp31/gr
  ('c1000000-0000-0000-0000-000000000004', 'a0000000-0000-0000-0000-000000000001', 'b1000000-0000-0000-0000-000000000002', 'Creamer (Maxi Power)', 'gram', 31.00, 1000, 200),
  -- SKM: Rp25,000 / 1000gr = Rp25/gr
  ('c1000000-0000-0000-0000-000000000005', 'a0000000-0000-0000-0000-000000000001', 'b1000000-0000-0000-0000-000000000003', 'SKM (Milk Brand)', 'gram', 25.00, 5000, 1000),
  -- Gula Aren: Rp15,000 / 250gr = Rp60/gr
  ('c1000000-0000-0000-0000-000000000006', 'a0000000-0000-0000-0000-000000000001', 'b1000000-0000-0000-0000-000000000003', 'Gula Aren', 'gram', 60.00, 250, 100),
  -- Sirup Caramel: Rp60,000 / 750ml = Rp80/ml
  ('c1000000-0000-0000-0000-000000000007', 'a0000000-0000-0000-0000-000000000001', 'b1000000-0000-0000-0000-000000000002', 'Sirup Caramel (Rasbell)', 'ml', 80.00, 750, 200),
  -- Sirup Hazelnut: Rp60,000 / 750ml = Rp80/ml
  ('c1000000-0000-0000-0000-000000000008', 'a0000000-0000-0000-0000-000000000001', 'b1000000-0000-0000-0000-000000000002', 'Sirup Hazelnut (Rasbell)', 'ml', 80.00, 750, 200),
  -- Powder Taro: Rp37,500 / 500gr = Rp75/gr
  ('c1000000-0000-0000-0000-000000000009', 'a0000000-0000-0000-0000-000000000001', 'b1000000-0000-0000-0000-000000000002', 'Powder Taro (Dellyfood)', 'gram', 75.00, 500, 100),
  -- Powder Coklat: Rp37,500 / 500gr = Rp75/gr
  ('c1000000-0000-0000-0000-000000000010', 'a0000000-0000-0000-0000-000000000001', 'b1000000-0000-0000-0000-000000000002', 'Powder Coklat (Dellyfood)', 'gram', 75.00, 500, 100),
  -- Powder Green Tea: Rp37,500 / 500gr = Rp75/gr
  ('c1000000-0000-0000-0000-000000000011', 'a0000000-0000-0000-0000-000000000001', 'b1000000-0000-0000-0000-000000000002', 'Powder Green Tea (Dellyfood)', 'gram', 75.00, 500, 100),
  -- Powder Lyche Tea: Rp37,500 / 500gr = Rp75/gr
  ('c1000000-0000-0000-0000-000000000012', 'a0000000-0000-0000-0000-000000000001', 'b1000000-0000-0000-0000-000000000002', 'Powder Lyche Tea (Dellyfood)', 'gram', 75.00, 500, 100),
  -- Powder Red Velvet: Rp37,500 / 500gr = Rp75/gr
  ('c1000000-0000-0000-0000-000000000013', 'a0000000-0000-0000-0000-000000000001', 'b1000000-0000-0000-0000-000000000002', 'Powder Red Velvet (Dellyfood)', 'gram', 75.00, 500, 100),
  -- Powder Lemon Tea: Rp37,500 / 500gr = Rp75/gr
  ('c1000000-0000-0000-0000-000000000014', 'a0000000-0000-0000-0000-000000000001', 'b1000000-0000-0000-0000-000000000002', 'Powder Lemon Tea (Dellyfood)', 'gram', 75.00, 500, 100),
  -- Powder Bubble Gum: Rp37,500 / 500gr = Rp75/gr
  ('c1000000-0000-0000-0000-000000000015', 'a0000000-0000-0000-0000-000000000001', 'b1000000-0000-0000-0000-000000000002', 'Powder Bubble Gum (Dellyfood)', 'gram', 75.00, 500, 100),
  -- Teh: Rp3,250 / 50gr * 10 bungkus, per gram: Rp3,250/50 ≈ Rp65/gr, tapi HPP pakai ~Rp4.06/ml (diseduh)
  ('c1000000-0000-0000-0000-000000000016', 'a0000000-0000-0000-0000-000000000001', 'b1000000-0000-0000-0000-000000000002', 'Teh (Bandulan)', 'gram', 65.00, 500, 100),
  -- Ice Tube: Rp12,000 / 10,000gr = Rp1.20/gr
  ('c1000000-0000-0000-0000-000000000017', 'a0000000-0000-0000-0000-000000000001', 'b1000000-0000-0000-0000-000000000004', 'Ice Tube', 'gram', 1.20, 30000, 5000),
  -- Air Mineral: Rp13,000 / 12 botol = Rp1,083/botol
  ('c1000000-0000-0000-0000-000000000018', 'a0000000-0000-0000-0000-000000000001', 'b1000000-0000-0000-0000-000000000009', 'Air Mineral (Aquviva)', 'botol', 1083.33, 36, 12),
  -- Thai Tea: Rp58,000 / 400gr = Rp145/gr
  ('c1000000-0000-0000-0000-000000000019', 'a0000000-0000-0000-0000-000000000001', 'b1000000-0000-0000-0000-000000000003', 'Thai Tea Bubuk (Cha Tra Mue)', 'gram', 145.00, 800, 200),
  -- Sirup Jeruk: Rp13,000 / 450ml = Rp28.89/ml
  ('c1000000-0000-0000-0000-000000000020', 'a0000000-0000-0000-0000-000000000001', 'b1000000-0000-0000-0000-000000000001', 'Sirup Jeruk (Marjan)', 'ml', 28.89, 450, 100),
  -- Sirup Mangga: Rp13,000 / 400ml = Rp32.50/ml
  ('c1000000-0000-0000-0000-000000000021', 'a0000000-0000-0000-0000-000000000001', 'b1000000-0000-0000-0000-000000000001', 'Sirup Mangga (Marjan)', 'ml', 32.50, 400, 100),
  -- Sprite: Rp6,000 / 250ml = Rp24/ml
  ('c1000000-0000-0000-0000-000000000022', 'a0000000-0000-0000-0000-000000000001', 'b1000000-0000-0000-0000-000000000001', 'Sprite', 'ml', 24.00, 750, 250),
  -- Fanta Merah: Rp6,000 / 250ml = Rp24/ml
  ('c1000000-0000-0000-0000-000000000023', 'a0000000-0000-0000-0000-000000000001', 'b1000000-0000-0000-0000-000000000001', 'Fanta Merah', 'ml', 24.00, 750, 250),
  -- Fanta Anggur: Rp6,000 / 250ml = Rp24/ml
  ('c1000000-0000-0000-0000-000000000024', 'a0000000-0000-0000-0000-000000000001', 'b1000000-0000-0000-0000-000000000001', 'Fanta Anggur', 'ml', 24.00, 750, 250),
  -- Selasih: Rp16,000 / botol (est ~1000gr) = ~Rp1/gr (used in HPP as Rp1/gr)
  ('c1000000-0000-0000-0000-000000000025', 'a0000000-0000-0000-0000-000000000001', 'b1000000-0000-0000-0000-000000000001', 'Selasih', 'gram', 1.00, 500, 100),
  -- Air (water for brewing, negligible cost)
  ('c1000000-0000-0000-0000-000000000026', 'a0000000-0000-0000-0000-000000000001', NULL, 'Air', 'ml', 0.00, 99999, 0),
  -- Gula Putih: Rp19,000 / 1000gr = Rp19/gr
  ('c1000000-0000-0000-0000-000000000027', 'a0000000-0000-0000-0000-000000000001', 'b1000000-0000-0000-0000-000000000001', 'Gula Putih', 'gram', 19.00, 1000, 200),

  -- === BAHAN MAKANAN ===
  -- Mie Ramen: Rp21,000 / 13 porsi = Rp1,615/porsi
  ('c1000000-0000-0000-0000-000000000030', 'a0000000-0000-0000-0000-000000000001', 'b1000000-0000-0000-0000-000000000005', 'Mie Ramen (Glory)', 'porsi', 1615.38, 104, 26),
  -- Ayam Fillet: Rp58,000 / 1000gr = Rp58/gr
  ('c1000000-0000-0000-0000-000000000031', 'a0000000-0000-0000-0000-000000000001', 'b1000000-0000-0000-0000-000000000006', 'Ayam Fillet (NS Chicken)', 'gram', 58.00, 3000, 1000),
  -- Beef Slice: Rp48,000 / 500gr = Rp96/gr
  ('c1000000-0000-0000-0000-000000000032', 'a0000000-0000-0000-0000-000000000001', 'b1000000-0000-0000-0000-000000000002', 'Beef Slice', 'gram', 96.00, 2500, 500),
  -- Telur: Rp28,000 / 1000gr = Rp28/gr (~Rp1,680/butir @60gr)
  ('c1000000-0000-0000-0000-000000000033', 'a0000000-0000-0000-0000-000000000001', 'b1000000-0000-0000-0000-000000000001', 'Telur Ayam', 'gram', 28.00, 3000, 500),
  -- Tepung Roti: Rp18,500 / 1000gr = Rp18.50/gr
  ('c1000000-0000-0000-0000-000000000034', 'a0000000-0000-0000-0000-000000000001', 'b1000000-0000-0000-0000-000000000002', 'Tepung Roti (Piramid)', 'gram', 18.50, 2000, 500),
  -- Tepung Serbaguna: Rp10,000 / 1000gr = Rp10/gr
  ('c1000000-0000-0000-0000-000000000035', 'a0000000-0000-0000-0000-000000000001', 'b1000000-0000-0000-0000-000000000002', 'Tepung Serbaguna (Jfood)', 'gram', 10.00, 2000, 500),
  -- Miso: Rp54,000 / 1000gr = Rp54/gr
  ('c1000000-0000-0000-0000-000000000036', 'a0000000-0000-0000-0000-000000000001', 'b1000000-0000-0000-0000-000000000002', 'Miso (Miyachan)', 'gram', 54.00, 3000, 500),
  -- Kecap Asin: Rp120,000 / 2000ml = Rp60/ml
  ('c1000000-0000-0000-0000-000000000037', 'a0000000-0000-0000-0000-000000000001', 'b1000000-0000-0000-0000-000000000002', 'Kecap Asin (Kikkoman)', 'ml', 60.00, 2000, 500),
  -- Rumput Laut / Nori: Rp25,000 / 50gr = Rp500/gr
  ('c1000000-0000-0000-0000-000000000038', 'a0000000-0000-0000-0000-000000000001', 'b1000000-0000-0000-0000-000000000002', 'Nori Bubuk (Aonori)', 'gram', 500.00, 50, 10),
  -- Spicy Kuah: Rp53,000 / 1000gr = Rp53/gr
  ('c1000000-0000-0000-0000-000000000039', 'a0000000-0000-0000-0000-000000000001', 'b1000000-0000-0000-0000-000000000002', 'Gochujang Spicy (Gungjung)', 'gram', 53.00, 1000, 200),
  -- Shoyu: Rp35,000 / 1000ml = Rp35/ml
  ('c1000000-0000-0000-0000-000000000040', 'a0000000-0000-0000-0000-000000000001', 'b1000000-0000-0000-0000-000000000002', 'Shoyu Kecap', 'ml', 35.00, 2000, 500),
  -- Saos Sambel: Rp15,000 / 1000gr = Rp15/gr
  ('c1000000-0000-0000-0000-000000000041', 'a0000000-0000-0000-0000-000000000001', 'b1000000-0000-0000-0000-000000000002', 'Saos Sambel (Gourmet)', 'gram', 15.00, 2000, 500),
  -- Naruto: Rp35,000 / 160gr = Rp218.75/gr
  ('c1000000-0000-0000-0000-000000000042', 'a0000000-0000-0000-0000-000000000001', 'b1000000-0000-0000-0000-000000000002', 'Narutomaki', 'gram', 218.75, 320, 80),
  -- Bawang Putih Bubuk: Rp20,000 / botol
  ('c1000000-0000-0000-0000-000000000043', 'a0000000-0000-0000-0000-000000000001', 'b1000000-0000-0000-0000-000000000001', 'Bawang Putih Bubuk', 'botol', 20000.00, 1, 1),
  -- Minyak Goreng: Rp20,000 / 1000ml = Rp20/ml
  ('c1000000-0000-0000-0000-000000000044', 'a0000000-0000-0000-0000-000000000001', 'b1000000-0000-0000-0000-000000000001', 'Minyak Goreng (Sancho)', 'ml', 20.00, 2000, 500),
  -- Daun Bawang: Rp5,000 / ikat
  ('c1000000-0000-0000-0000-000000000045', 'a0000000-0000-0000-0000-000000000001', 'b1000000-0000-0000-0000-000000000001', 'Daun Bawang', 'ikat', 5000.00, 1, 1),
  -- Wortel: Rp18,000 / 500gr = Rp36/gr
  ('c1000000-0000-0000-0000-000000000046', 'a0000000-0000-0000-0000-000000000001', 'b1000000-0000-0000-0000-000000000008', 'Wortel', 'gram', 36.00, 500, 200),
  -- Gyoza: Rp20,000 / 10pcs = Rp2,000/pcs
  ('c1000000-0000-0000-0000-000000000047', 'a0000000-0000-0000-0000-000000000001', 'b1000000-0000-0000-0000-000000000002', 'Gyoza (Qufa Frozen)', 'pcs', 2000.00, 30, 10),
  -- Minyak Wijen: Rp50,000 / 600ml = Rp83.33/ml
  ('c1000000-0000-0000-0000-000000000048', 'a0000000-0000-0000-0000-000000000001', 'b1000000-0000-0000-0000-000000000002', 'Minyak Wijen (Li Mang Huat)', 'ml', 83.33, 600, 100),
  -- Mayones: Rp27,000 / 1000gr = Rp27/gr
  ('c1000000-0000-0000-0000-000000000049', 'a0000000-0000-0000-0000-000000000001', 'b1000000-0000-0000-0000-000000000002', 'Mayones (Gourmet)', 'gram', 27.00, 1000, 200),
  -- Kentang: Rp70,000 / 2500gr = Rp28/gr
  ('c1000000-0000-0000-0000-000000000050', 'a0000000-0000-0000-0000-000000000001', 'b1000000-0000-0000-0000-000000000002', 'Kentang Goreng (Klan Store)', 'gram', 28.00, 5000, 1000),
  -- Nugget: Rp35,000 / 1000gr = Rp35/gr
  ('c1000000-0000-0000-0000-000000000051', 'a0000000-0000-0000-0000-000000000001', 'b1000000-0000-0000-0000-000000000002', 'Nugget (Klan Store)', 'gram', 35.00, 2000, 500),
  -- Sosis: Rp20,000 / 51pcs = Rp392/pcs
  ('c1000000-0000-0000-0000-000000000052', 'a0000000-0000-0000-0000-000000000001', 'b1000000-0000-0000-0000-000000000002', 'Sosis (Klan Store)', 'pcs', 392.16, 102, 20),
  -- Donat: Rp30,000 / 14pcs = Rp2,143/pcs
  ('c1000000-0000-0000-0000-000000000053', 'a0000000-0000-0000-0000-000000000001', 'b1000000-0000-0000-0000-000000000002', 'Donat (Klan Store)', 'pcs', 2142.86, 28, 7),
  -- Kaldu Ayam: Rp30,000 / 1000gr = Rp30/gr
  ('c1000000-0000-0000-0000-000000000054', 'a0000000-0000-0000-0000-000000000001', 'b1000000-0000-0000-0000-000000000001', 'Kaldu Ayam (Royco)', 'gram', 30.00, 1000, 200),
  -- Kecap Manis: Rp20,000 / botol
  ('c1000000-0000-0000-0000-000000000055', 'a0000000-0000-0000-0000-000000000001', 'b1000000-0000-0000-0000-000000000001', 'Kecap Manis (ABC)', 'botol', 20000.00, 1, 1),
  -- Bumbu Kari: Rp35,000 / renceng
  ('c1000000-0000-0000-0000-000000000056', 'a0000000-0000-0000-0000-000000000001', 'b1000000-0000-0000-0000-000000000001', 'Bumbu Kari (Sasa)', 'renceng', 35000.00, 1, 1),
  -- Beras: Rp80,000 / 5L
  ('c1000000-0000-0000-0000-000000000057', 'a0000000-0000-0000-0000-000000000001', 'b1000000-0000-0000-0000-000000000001', 'Beras', 'liter', 16000.00, 5, 2),
  -- Merica Bubuk: Rp45,000 / bungkus
  ('c1000000-0000-0000-0000-000000000058', 'a0000000-0000-0000-0000-000000000001', 'b1000000-0000-0000-0000-000000000001', 'Merica Bubuk', 'bungkus', 45000.00, 1, 1),
  -- Jahe Bubuk: Rp15,000 / botol
  ('c1000000-0000-0000-0000-000000000059', 'a0000000-0000-0000-0000-000000000001', 'b1000000-0000-0000-0000-000000000001', 'Jahe Bubuk', 'botol', 15000.00, 2, 1),
  -- Kaldu Jamur: Rp30,000 / bungkus
  ('c1000000-0000-0000-0000-000000000060', 'a0000000-0000-0000-0000-000000000001', 'b1000000-0000-0000-0000-000000000001', 'Kaldu Jamur', 'bungkus', 30000.00, 1, 1);

-- ============================================================
-- STEP 3: CATEGORIES
-- ============================================================
INSERT INTO categories (id, outlet_id, name, color, icon, sort_order) VALUES
  ('d1000000-0000-0000-0000-000000000001', 'a0000000-0000-0000-0000-000000000001', 'Coffee', '#6F4E37', 'coffee', 1),
  ('d1000000-0000-0000-0000-000000000002', 'a0000000-0000-0000-0000-000000000001', 'Non-Coffee', '#8B5CF6', 'local_cafe', 2),
  ('d1000000-0000-0000-0000-000000000003', 'a0000000-0000-0000-0000-000000000001', 'Makanan', '#EA580C', 'restaurant', 3),
  ('d1000000-0000-0000-0000-000000000004', 'a0000000-0000-0000-0000-000000000001', 'Snack', '#F59E0B', 'fastfood', 4);

-- ============================================================
-- STEP 4: PRODUCTS (Menu)
-- ============================================================
-- selling_price = Harga Jual dari Perhitungan Laba
-- cost_price = HPP All In dari HPP Minuman

-- === COFFEE ===
INSERT INTO products (id, outlet_id, category_id, name, description, selling_price, cost_price, sort_order) VALUES
  ('e1000000-0000-0000-0000-000000000001', 'a0000000-0000-0000-0000-000000000001', 'd1000000-0000-0000-0000-000000000001',
   'Milko Creamy', 'Kopi dengan creamer & coconut milk yang creamy', 10000, 8118, 1),
  ('e1000000-0000-0000-0000-000000000002', 'a0000000-0000-0000-0000-000000000001', 'd1000000-0000-0000-0000-000000000001',
   'Milko Java', 'Kopi dengan gula aren & susu UHT khas Java', 14000, 8168, 2),
  ('e1000000-0000-0000-0000-000000000003', 'a0000000-0000-0000-0000-000000000001', 'd1000000-0000-0000-0000-000000000001',
   'Milko Caramel', 'Kopi dengan sirup caramel & susu UHT', 14000, 8208, 3),
  ('e1000000-0000-0000-0000-000000000004', 'a0000000-0000-0000-0000-000000000001', 'd1000000-0000-0000-0000-000000000001',
   'Milko Spanish', 'Kopi ala Spanish latte dengan susu UHT', 16000, 7568, 4),
  ('e1000000-0000-0000-0000-000000000005', 'a0000000-0000-0000-0000-000000000001', 'd1000000-0000-0000-0000-000000000001',
   'Milko Hazelnut', 'Kopi dengan sirup hazelnut & susu UHT', 16000, 8208, 5),

-- === NON-COFFEE ===
  ('e1000000-0000-0000-0000-000000000010', 'a0000000-0000-0000-0000-000000000001', 'd1000000-0000-0000-0000-000000000002',
   'Milky Taro', 'Minuman taro creamy dengan susu UHT', 13000, 7167, 1),
  ('e1000000-0000-0000-0000-000000000011', 'a0000000-0000-0000-0000-000000000001', 'd1000000-0000-0000-0000-000000000002',
   'Choco Java', 'Minuman coklat Java dengan susu UHT', 13000, 7542, 2),
  ('e1000000-0000-0000-0000-000000000012', 'a0000000-0000-0000-0000-000000000001', 'd1000000-0000-0000-0000-000000000002',
   'Milky Matcha', 'Green tea matcha dengan susu UHT', 13000, 7167, 3),
  ('e1000000-0000-0000-0000-000000000013', 'a0000000-0000-0000-0000-000000000001', 'd1000000-0000-0000-0000-000000000002',
   'Milky Red Velvet', 'Red velvet creamy dengan susu UHT', 13000, 7167, 4),
  ('e1000000-0000-0000-0000-000000000014', 'a0000000-0000-0000-0000-000000000001', 'd1000000-0000-0000-0000-000000000002',
   'Milky Bublegum', 'Minuman bubblegum unik dengan susu UHT', 13000, 7167, 5),
  ('e1000000-0000-0000-0000-000000000015', 'a0000000-0000-0000-0000-000000000001', 'd1000000-0000-0000-0000-000000000002',
   'Lemon Tea', 'Teh lemon segar', 10000, 4620, 6),
  ('e1000000-0000-0000-0000-000000000016', 'a0000000-0000-0000-0000-000000000001', 'd1000000-0000-0000-0000-000000000002',
   'Lyche Tea', 'Teh lychee segar', 12000, 4620, 7),
  ('e1000000-0000-0000-0000-000000000017', 'a0000000-0000-0000-0000-000000000001', 'd1000000-0000-0000-0000-000000000002',
   'Ice Tea', 'Es teh manis klasik', 7000, 3536, 8),
  ('e1000000-0000-0000-0000-000000000018', 'a0000000-0000-0000-0000-000000000001', 'd1000000-0000-0000-0000-000000000002',
   'Thai Tea', 'Thai tea original Cha Tra Mue', 12000, 9592, 9),
  ('e1000000-0000-0000-0000-000000000019', 'a0000000-0000-0000-0000-000000000001', 'd1000000-0000-0000-0000-000000000002',
   'Purple Glow', 'Fanta anggur dengan sirup mangga & selasih', 13000, 6842, 10),
  ('e1000000-0000-0000-0000-000000000020', 'a0000000-0000-0000-0000-000000000001', 'd1000000-0000-0000-0000-000000000002',
   'Sunset Pop', 'Fanta merah dengan sirup jeruk & selasih', 13000, 6770, 11),
  ('e1000000-0000-0000-0000-000000000021', 'a0000000-0000-0000-0000-000000000001', 'd1000000-0000-0000-0000-000000000002',
   'Orange Fizz', 'Sprite dengan sirup jeruk & selasih', 13000, 6770, 12),
  ('e1000000-0000-0000-0000-000000000022', 'a0000000-0000-0000-0000-000000000001', 'd1000000-0000-0000-0000-000000000002',
   'Air Mineral', 'Air mineral Aquviva', 3000, 1083, 13);

-- ============================================================
-- STEP 5: RECIPES (Resep - dari HPP Minuman)
-- ============================================================

-- --- Milko Creamy ---
INSERT INTO recipes (product_id, ingredient_id, quantity, unit) VALUES
  ('e1000000-0000-0000-0000-000000000001', 'c1000000-0000-0000-0000-000000000001', 10, 'gram'),   -- Kopi 10gr
  ('e1000000-0000-0000-0000-000000000001', 'c1000000-0000-0000-0000-000000000004', 5, 'gram'),    -- Creamer 5gr
  ('e1000000-0000-0000-0000-000000000001', 'c1000000-0000-0000-0000-000000000005', 15, 'gram'),   -- SKM 15gr
  ('e1000000-0000-0000-0000-000000000001', 'c1000000-0000-0000-0000-000000000003', 120, 'ml'),    -- Coconut Milk 120ml
  ('e1000000-0000-0000-0000-000000000001', 'c1000000-0000-0000-0000-000000000017', 160, 'gram'),  -- Ice Tube 160gr

-- --- Milko Java ---
  ('e1000000-0000-0000-0000-000000000002', 'c1000000-0000-0000-0000-000000000001', 10, 'gram'),   -- Kopi 10gr
  ('e1000000-0000-0000-0000-000000000002', 'c1000000-0000-0000-0000-000000000006', 10, 'gram'),   -- Gula Aren 10gr
  ('e1000000-0000-0000-0000-000000000002', 'c1000000-0000-0000-0000-000000000005', 15, 'gram'),   -- SKM 15gr
  ('e1000000-0000-0000-0000-000000000002', 'c1000000-0000-0000-0000-000000000004', 5, 'gram'),    -- Creamer 5gr
  ('e1000000-0000-0000-0000-000000000002', 'c1000000-0000-0000-0000-000000000002', 120, 'ml'),    -- Susu UHT 120ml
  ('e1000000-0000-0000-0000-000000000002', 'c1000000-0000-0000-0000-000000000017', 160, 'gram'),  -- Ice Tube 160gr

-- --- Milko Caramel ---
  ('e1000000-0000-0000-0000-000000000003', 'c1000000-0000-0000-0000-000000000001', 10, 'gram'),   -- Kopi 10gr
  ('e1000000-0000-0000-0000-000000000003', 'c1000000-0000-0000-0000-000000000007', 8, 'ml'),      -- Sirup Caramel 8ml
  ('e1000000-0000-0000-0000-000000000003', 'c1000000-0000-0000-0000-000000000004', 5, 'gram'),    -- Creamer 5gr
  ('e1000000-0000-0000-0000-000000000003', 'c1000000-0000-0000-0000-000000000005', 15, 'gram'),   -- SKM 15gr
  ('e1000000-0000-0000-0000-000000000003', 'c1000000-0000-0000-0000-000000000002', 120, 'ml'),    -- Susu UHT 120ml
  ('e1000000-0000-0000-0000-000000000003', 'c1000000-0000-0000-0000-000000000017', 160, 'gram'),  -- Ice Tube 160gr

-- --- Milko Spanish ---
  ('e1000000-0000-0000-0000-000000000004', 'c1000000-0000-0000-0000-000000000001', 10, 'gram'),   -- Kopi 10gr
  ('e1000000-0000-0000-0000-000000000004', 'c1000000-0000-0000-0000-000000000005', 15, 'gram'),   -- SKM 15gr
  ('e1000000-0000-0000-0000-000000000004', 'c1000000-0000-0000-0000-000000000004', 5, 'gram'),    -- Creamer 5gr
  ('e1000000-0000-0000-0000-000000000004', 'c1000000-0000-0000-0000-000000000002', 120, 'ml'),    -- Susu UHT 120ml
  ('e1000000-0000-0000-0000-000000000004', 'c1000000-0000-0000-0000-000000000017', 160, 'gram'),  -- Ice Tube 160gr

-- --- Milko Hazelnut ---
  ('e1000000-0000-0000-0000-000000000005', 'c1000000-0000-0000-0000-000000000001', 10, 'gram'),   -- Kopi 10gr
  ('e1000000-0000-0000-0000-000000000005', 'c1000000-0000-0000-0000-000000000008', 8, 'ml'),      -- Sirup Hazelnut 8ml
  ('e1000000-0000-0000-0000-000000000005', 'c1000000-0000-0000-0000-000000000004', 5, 'gram'),    -- Creamer 5gr
  ('e1000000-0000-0000-0000-000000000005', 'c1000000-0000-0000-0000-000000000005', 15, 'gram'),   -- SKM 15gr
  ('e1000000-0000-0000-0000-000000000005', 'c1000000-0000-0000-0000-000000000002', 120, 'ml'),    -- Susu UHT 120ml
  ('e1000000-0000-0000-0000-000000000005', 'c1000000-0000-0000-0000-000000000017', 160, 'gram'),  -- Ice Tube 160gr

-- --- Milky Taro ---
  ('e1000000-0000-0000-0000-000000000010', 'c1000000-0000-0000-0000-000000000009', 15, 'gram'),   -- Powder Taro 15gr
  ('e1000000-0000-0000-0000-000000000010', 'c1000000-0000-0000-0000-000000000002', 120, 'ml'),    -- Susu UHT 120ml
  ('e1000000-0000-0000-0000-000000000010', 'c1000000-0000-0000-0000-000000000005', 15, 'gram'),   -- SKM 15gr
  ('e1000000-0000-0000-0000-000000000010', 'c1000000-0000-0000-0000-000000000004', 5, 'gram'),    -- Creamer 5gr
  ('e1000000-0000-0000-0000-000000000010', 'c1000000-0000-0000-0000-000000000017', 160, 'gram'),  -- Ice Tube 160gr

-- --- Choco Java ---
  ('e1000000-0000-0000-0000-000000000011', 'c1000000-0000-0000-0000-000000000010', 20, 'gram'),   -- Powder Coklat 20gr
  ('e1000000-0000-0000-0000-000000000011', 'c1000000-0000-0000-0000-000000000002', 120, 'ml'),    -- Susu UHT 120ml
  ('e1000000-0000-0000-0000-000000000011', 'c1000000-0000-0000-0000-000000000005', 15, 'gram'),   -- SKM 15gr
  ('e1000000-0000-0000-0000-000000000011', 'c1000000-0000-0000-0000-000000000004', 5, 'gram'),    -- Creamer 5gr
  ('e1000000-0000-0000-0000-000000000011', 'c1000000-0000-0000-0000-000000000017', 160, 'gram'),  -- Ice Tube 160gr

-- --- Milky Matcha ---
  ('e1000000-0000-0000-0000-000000000012', 'c1000000-0000-0000-0000-000000000011', 15, 'gram'),   -- Powder Green Tea 15gr
  ('e1000000-0000-0000-0000-000000000012', 'c1000000-0000-0000-0000-000000000002', 120, 'ml'),    -- Susu UHT 120ml
  ('e1000000-0000-0000-0000-000000000012', 'c1000000-0000-0000-0000-000000000005', 15, 'gram'),   -- SKM 15gr
  ('e1000000-0000-0000-0000-000000000012', 'c1000000-0000-0000-0000-000000000004', 5, 'gram'),    -- Creamer 5gr
  ('e1000000-0000-0000-0000-000000000012', 'c1000000-0000-0000-0000-000000000017', 160, 'gram'),  -- Ice Tube 160gr

-- --- Milky Red Velvet ---
  ('e1000000-0000-0000-0000-000000000013', 'c1000000-0000-0000-0000-000000000013', 15, 'gram'),   -- Powder Red Velvet 15gr
  ('e1000000-0000-0000-0000-000000000013', 'c1000000-0000-0000-0000-000000000002', 120, 'ml'),    -- Susu UHT 120ml
  ('e1000000-0000-0000-0000-000000000013', 'c1000000-0000-0000-0000-000000000005', 15, 'gram'),   -- SKM 15gr
  ('e1000000-0000-0000-0000-000000000013', 'c1000000-0000-0000-0000-000000000004', 5, 'gram'),    -- Creamer 5gr
  ('e1000000-0000-0000-0000-000000000013', 'c1000000-0000-0000-0000-000000000017', 160, 'gram'),  -- Ice Tube 160gr

-- --- Milky Bublegum ---
  ('e1000000-0000-0000-0000-000000000014', 'c1000000-0000-0000-0000-000000000015', 15, 'gram'),   -- Powder Bubble Gum 15gr
  ('e1000000-0000-0000-0000-000000000014', 'c1000000-0000-0000-0000-000000000002', 120, 'ml'),    -- Susu UHT 120ml
  ('e1000000-0000-0000-0000-000000000014', 'c1000000-0000-0000-0000-000000000005', 15, 'gram'),   -- SKM 15gr
  ('e1000000-0000-0000-0000-000000000014', 'c1000000-0000-0000-0000-000000000004', 5, 'gram'),    -- Creamer 5gr
  ('e1000000-0000-0000-0000-000000000014', 'c1000000-0000-0000-0000-000000000017', 160, 'gram'),  -- Ice Tube 160gr

-- --- Lemon Tea ---
  ('e1000000-0000-0000-0000-000000000015', 'c1000000-0000-0000-0000-000000000014', 15, 'gram'),   -- Powder Lemon Tea 15gr
  ('e1000000-0000-0000-0000-000000000015', 'c1000000-0000-0000-0000-000000000016', 3, 'gram'),    -- Teh 3gr (brewed ~50ml)
  ('e1000000-0000-0000-0000-000000000015', 'c1000000-0000-0000-0000-000000000026', 70, 'ml'),     -- Air 70ml
  ('e1000000-0000-0000-0000-000000000015', 'c1000000-0000-0000-0000-000000000017', 160, 'gram'),  -- Ice Tube 160gr

-- --- Lyche Tea ---
  ('e1000000-0000-0000-0000-000000000016', 'c1000000-0000-0000-0000-000000000012', 15, 'gram'),   -- Powder Lyche Tea 15gr
  ('e1000000-0000-0000-0000-000000000016', 'c1000000-0000-0000-0000-000000000016', 3, 'gram'),    -- Teh 3gr
  ('e1000000-0000-0000-0000-000000000016', 'c1000000-0000-0000-0000-000000000026', 70, 'ml'),     -- Air 70ml
  ('e1000000-0000-0000-0000-000000000016', 'c1000000-0000-0000-0000-000000000017', 160, 'gram'),  -- Ice Tube 160gr

-- --- Ice Tea ---
  ('e1000000-0000-0000-0000-000000000017', 'c1000000-0000-0000-0000-000000000026', 60, 'ml'),     -- Air 60ml
  ('e1000000-0000-0000-0000-000000000017', 'c1000000-0000-0000-0000-000000000016', 4, 'gram'),    -- Teh 4gr
  ('e1000000-0000-0000-0000-000000000017', 'c1000000-0000-0000-0000-000000000017', 160, 'gram'),  -- Ice Tube 160gr

-- --- Thai Tea ---
  ('e1000000-0000-0000-0000-000000000018', 'c1000000-0000-0000-0000-000000000019', 40, 'gram'),   -- Thai Tea Bubuk 40gr
  ('e1000000-0000-0000-0000-000000000018', 'c1000000-0000-0000-0000-000000000026', 60, 'ml'),     -- Air 60ml
  ('e1000000-0000-0000-0000-000000000018', 'c1000000-0000-0000-0000-000000000005', 20, 'gram'),   -- SKM 20gr
  ('e1000000-0000-0000-0000-000000000018', 'c1000000-0000-0000-0000-000000000017', 160, 'gram'),  -- Ice Tube 160gr

-- --- Purple Glow ---
  ('e1000000-0000-0000-0000-000000000019', 'c1000000-0000-0000-0000-000000000021', 20, 'ml'),     -- Sirup Mangga 20ml
  ('e1000000-0000-0000-0000-000000000019', 'c1000000-0000-0000-0000-000000000024', 120, 'ml'),    -- Fanta Anggur 120ml
  ('e1000000-0000-0000-0000-000000000019', 'c1000000-0000-0000-0000-000000000025', 20, 'gram'),   -- Selasih 20gr
  ('e1000000-0000-0000-0000-000000000019', 'c1000000-0000-0000-0000-000000000017', 160, 'gram'),  -- Ice Tube 160gr

-- --- Sunset Pop ---
  ('e1000000-0000-0000-0000-000000000020', 'c1000000-0000-0000-0000-000000000020', 20, 'ml'),     -- Sirup Jeruk 20ml
  ('e1000000-0000-0000-0000-000000000020', 'c1000000-0000-0000-0000-000000000023', 120, 'ml'),    -- Fanta Merah 120ml
  ('e1000000-0000-0000-0000-000000000020', 'c1000000-0000-0000-0000-000000000025', 20, 'gram'),   -- Selasih 20gr
  ('e1000000-0000-0000-0000-000000000020', 'c1000000-0000-0000-0000-000000000017', 160, 'gram'),  -- Ice Tube 160gr

-- --- Orange Fizz ---
  ('e1000000-0000-0000-0000-000000000021', 'c1000000-0000-0000-0000-000000000020', 20, 'ml'),     -- Sirup Jeruk 20ml
  ('e1000000-0000-0000-0000-000000000021', 'c1000000-0000-0000-0000-000000000022', 120, 'ml'),    -- Sprite 120ml
  ('e1000000-0000-0000-0000-000000000021', 'c1000000-0000-0000-0000-000000000025', 20, 'gram'),   -- Selasih 20gr
  ('e1000000-0000-0000-0000-000000000021', 'c1000000-0000-0000-0000-000000000017', 160, 'gram'),  -- Ice Tube 160gr

-- --- Air Mineral ---
  ('e1000000-0000-0000-0000-000000000022', 'c1000000-0000-0000-0000-000000000018', 1, 'botol');   -- Air Mineral 1 botol

-- ============================================================
-- STEP 6: MODIFIER GROUPS
-- ============================================================
INSERT INTO modifier_groups (id, outlet_id, name, description, is_required, min_selections, max_selections) VALUES
  -- Suhu: wajib pilih 1 (Ice atau Hot)
  ('f1000000-0000-0000-0000-000000000001', 'a0000000-0000-0000-0000-000000000001',
   'Suhu', 'Pilihan suhu minuman', true, 1, 1),
  -- Level Gula: wajib pilih 1
  ('f1000000-0000-0000-0000-000000000002', 'a0000000-0000-0000-0000-000000000001',
   'Level Gula', 'Pilihan tingkat kemanisan', true, 1, 1),
  -- Pilihan Kuah Ramen: wajib pilih 1
  ('f1000000-0000-0000-0000-000000000003', 'a0000000-0000-0000-0000-000000000001',
   'Pilihan Kuah', 'Pilihan kuah ramen', true, 1, 1);

-- ============================================================
-- STEP 7: MODIFIER OPTIONS
-- ============================================================
INSERT INTO modifier_options (id, modifier_group_id, name, price_adjustment, is_default, sort_order) VALUES
  -- Suhu options
  ('f2000000-0000-0000-0000-000000000001', 'f1000000-0000-0000-0000-000000000001', 'Ice', 0, true, 1),
  ('f2000000-0000-0000-0000-000000000002', 'f1000000-0000-0000-0000-000000000001', 'Hot', 0, false, 2),

  -- Level Gula options
  ('f2000000-0000-0000-0000-000000000003', 'f1000000-0000-0000-0000-000000000002', 'Normal Sugar', 0, true, 1),
  ('f2000000-0000-0000-0000-000000000004', 'f1000000-0000-0000-0000-000000000002', 'Less Sugar', 0, false, 2),
  ('f2000000-0000-0000-0000-000000000005', 'f1000000-0000-0000-0000-000000000002', 'No Sugar', 0, false, 3),

  -- Pilihan Kuah options
  ('f2000000-0000-0000-0000-000000000006', 'f1000000-0000-0000-0000-000000000003', 'Miso', 0, true, 1),
  ('f2000000-0000-0000-0000-000000000007', 'f1000000-0000-0000-0000-000000000003', 'Shoyu', 0, false, 2),
  ('f2000000-0000-0000-0000-000000000008', 'f1000000-0000-0000-0000-000000000003', 'Spicy', 0, false, 3);

-- ============================================================
-- STEP 8: PRODUCT-MODIFIER LINKS
-- ============================================================
-- All Coffee products get Suhu + Level Gula
INSERT INTO product_modifier_groups (product_id, modifier_group_id, sort_order) VALUES
  -- Coffee → Suhu + Level Gula
  ('e1000000-0000-0000-0000-000000000001', 'f1000000-0000-0000-0000-000000000001', 1),
  ('e1000000-0000-0000-0000-000000000001', 'f1000000-0000-0000-0000-000000000002', 2),
  ('e1000000-0000-0000-0000-000000000002', 'f1000000-0000-0000-0000-000000000001', 1),
  ('e1000000-0000-0000-0000-000000000002', 'f1000000-0000-0000-0000-000000000002', 2),
  ('e1000000-0000-0000-0000-000000000003', 'f1000000-0000-0000-0000-000000000001', 1),
  ('e1000000-0000-0000-0000-000000000003', 'f1000000-0000-0000-0000-000000000002', 2),
  ('e1000000-0000-0000-0000-000000000004', 'f1000000-0000-0000-0000-000000000001', 1),
  ('e1000000-0000-0000-0000-000000000004', 'f1000000-0000-0000-0000-000000000002', 2),
  ('e1000000-0000-0000-0000-000000000005', 'f1000000-0000-0000-0000-000000000001', 1),
  ('e1000000-0000-0000-0000-000000000005', 'f1000000-0000-0000-0000-000000000002', 2),

  -- Non-Coffee Milky series → Suhu + Level Gula
  ('e1000000-0000-0000-0000-000000000010', 'f1000000-0000-0000-0000-000000000001', 1),
  ('e1000000-0000-0000-0000-000000000010', 'f1000000-0000-0000-0000-000000000002', 2),
  ('e1000000-0000-0000-0000-000000000011', 'f1000000-0000-0000-0000-000000000001', 1),
  ('e1000000-0000-0000-0000-000000000011', 'f1000000-0000-0000-0000-000000000002', 2),
  ('e1000000-0000-0000-0000-000000000012', 'f1000000-0000-0000-0000-000000000001', 1),
  ('e1000000-0000-0000-0000-000000000012', 'f1000000-0000-0000-0000-000000000002', 2),
  ('e1000000-0000-0000-0000-000000000013', 'f1000000-0000-0000-0000-000000000001', 1),
  ('e1000000-0000-0000-0000-000000000013', 'f1000000-0000-0000-0000-000000000002', 2),
  ('e1000000-0000-0000-0000-000000000014', 'f1000000-0000-0000-0000-000000000001', 1),
  ('e1000000-0000-0000-0000-000000000014', 'f1000000-0000-0000-0000-000000000002', 2),

  -- Tea series → Level Gula only (already cold/ice)
  ('e1000000-0000-0000-0000-000000000015', 'f1000000-0000-0000-0000-000000000002', 1),
  ('e1000000-0000-0000-0000-000000000016', 'f1000000-0000-0000-0000-000000000002', 1),
  ('e1000000-0000-0000-0000-000000000017', 'f1000000-0000-0000-0000-000000000002', 1),

  -- Thai Tea → Suhu + Level Gula
  ('e1000000-0000-0000-0000-000000000018', 'f1000000-0000-0000-0000-000000000001', 1),
  ('e1000000-0000-0000-0000-000000000018', 'f1000000-0000-0000-0000-000000000002', 2),

  -- Soda series → Level Gula only (cold drinks)
  ('e1000000-0000-0000-0000-000000000019', 'f1000000-0000-0000-0000-000000000002', 1),
  ('e1000000-0000-0000-0000-000000000020', 'f1000000-0000-0000-0000-000000000002', 1),
  ('e1000000-0000-0000-0000-000000000021', 'f1000000-0000-0000-0000-000000000002', 1);

  -- NOTE: Air Mineral tidak perlu modifier
  -- NOTE: Makanan products akan ditambahkan manual via Back Office
  --       Saat menambah menu ramen, link ke modifier "Pilihan Kuah" (f1000000-...-000000000003)

COMMIT;

-- ============================================================
-- SUMMARY:
--   9 Suppliers
--   40+ Ingredients (27 minuman + 20+ makanan)
--   4 Categories (Coffee, Non-Coffee, Makanan, Snack)
--   18 Products (5 coffee + 13 non-coffee)
--   85 Recipe entries (all drinks have full recipes)
--   3 Modifier groups (Suhu, Level Gula, Pilihan Kuah)
--   8 Modifier options
--   28 Product-modifier links
--
-- TODO (manual via Back Office):
--   - Add Makanan products (ramen, katsu, etc.)
--   - Add Snack products (gyoza, fries, nugget, etc.)
--   - Link makanan ramen → "Pilihan Kuah" modifier
--   - Add recipes for makanan products
-- ============================================================
